{"cameraMode":{"drawMode":0,"name":"Shaded","section":"Shading Mode"},"sceneLighting":false,"audioPlay":false,"sceneViewState":{"showFog":true,"showMaterialUpdate":true,"showSkybox":true,"showFlares":true,"showImageEffects":true,"showParticleSystems":true},"in2DMode":false,"pivot":{"x":272.77337646484377,"y":148.37124633789063,"z":1205.044189453125},"rotation":{"x":0.017997875809669496,"y":0.014997230842709542,"z":-0.00026999154943041503,"w":0.9997255206108093},"size":1482.2574462890625,"orthographic":false}