{"cameraMode":{"drawMode":0,"name":"Shaded","section":"Shading Mode"},"sceneLighting":false,"audioPlay":false,"sceneViewState":{"showFog":true,"showMaterialUpdate":true,"showSkybox":true,"showFlares":true,"showImageEffects":true,"showParticleSystems":true},"in2DMode":false,"pivot":{"x":289.21002197265627,"y":112.97085571289063,"z":701.0712280273438},"rotation":{"x":0.05246337130665779,"y":0.02246723137795925,"z":-0.001180624938569963,"w":0.9983693957328796},"size":1032.8477783203125,"orthographic":false}