{"cameraMode":{"drawMode":0,"name":"Shaded","section":"Shading Mode"},"sceneLighting":false,"audioPlay":false,"sceneViewState":{"showFog":true,"showMaterialUpdate":true,"showSkybox":false,"showFlares":true,"showImageEffects":true,"showParticleSystems":true},"in2DMode":false,"pivot":{"x":333.06866455078127,"y":206.69329833984376,"z":841.3494262695313},"rotation":{"x":-0.0014011682942509652,"y":-0.013499637134373188,"z":-0.00001891757892735768,"w":0.999907910823822},"size":1247.0806884765625,"orthographic":false}