{"cameraMode":{"drawMode":0,"name":"Shaded","section":"Shading Mode"},"sceneLighting":true,"audioPlay":false,"sceneViewState":{"showFog":true,"showMaterialUpdate":true,"showSkybox":true,"showFlares":true,"showImageEffects":true,"showParticleSystems":true},"in2DMode":false,"pivot":{"x":27.718276977539064,"y":14.68107795715332,"z":-16.01109504699707},"rotation":{"x":0.11246580630540848,"y":-0.42218855023384097,"z":0.0528780072927475,"w":0.8979489207267761},"size":3.062849998474121,"orthographic":false}