{"cameraMode":{"drawMode":0,"name":"Shaded","section":"Shading Mode"},"sceneLighting":true,"audioPlay":false,"sceneViewState":{"showFog":true,"showMaterialUpdate":false,"showSkybox":true,"showFlares":true,"showImageEffects":true,"showParticleSystems":true},"in2DMode":false,"pivot":{"x":18.892086029052736,"y":9.596785545349121,"z":10.65203857421875},"rotation":{"x":-0.11904790997505188,"y":0.1987510770559311,"z":-0.024330269545316697,"w":-0.9724884033203125},"size":22.08415412902832,"orthographic":false}