{"cameraMode":{"drawMode":0,"name":"Shaded","section":"Shading Mode"},"sceneLighting":false,"audioPlay":false,"sceneViewState":{"showFog":true,"showMaterialUpdate":true,"showSkybox":false,"showFlares":true,"showImageEffects":true,"showParticleSystems":true},"in2DMode":false,"pivot":{"x":14.68807601928711,"y":10.42296314239502,"z":140.82052612304688},"rotation":{"x":-0.07323358207941055,"y":-0.07354050874710083,"z":-0.005414651706814766,"w":0.9945850372314453},"size":22.0,"orthographic":false}