{"cameraMode":{"drawMode":0,"name":"Shaded","section":"Shading Mode"},"sceneLighting":true,"audioPlay":false,"sceneViewState":{"showFog":true,"showMaterialUpdate":false,"showSkybox":true,"showFlares":true,"showImageEffects":true,"showParticleSystems":true},"in2DMode":false,"pivot":{"x":0.39649897813796999,"y":9.314746856689454,"z":-36.27280807495117},"rotation":{"x":-0.11904790997505188,"y":0.1987510770559311,"z":-0.024330269545316697,"w":-0.9724884033203125},"size":30.796695709228517,"orthographic":false}