{"cameraMode":{"drawMode":0,"name":"Shaded","section":"Shading Mode"},"sceneLighting":true,"audioPlay":false,"sceneViewState":{"showFog":true,"showMaterialUpdate":false,"showSkybox":true,"showFlares":true,"showImageEffects":true,"showParticleSystems":true},"in2DMode":false,"pivot":{"x":5.050641059875488,"y":9.673913955688477,"z":-34.635520935058597},"rotation":{"x":-0.1147325187921524,"y":0.1180204227566719,"z":-0.01372932456433773,"w":-0.9862653017044067},"size":23.169572830200197,"orthographic":false}