{"cameraMode":{"drawMode":0,"name":"Shaded","section":"Shading Mode"},"sceneLighting":true,"audioPlay":false,"sceneViewState":{"showFog":true,"showMaterialUpdate":false,"showSkybox":true,"showFlares":true,"showImageEffects":true,"showParticleSystems":true},"in2DMode":false,"pivot":{"x":-13.526206016540528,"y":0.6329887509346008,"z":-2.613853931427002},"rotation":{"x":-0.12438293546438217,"y":0.6036228537559509,"z":-0.09605614095926285,"w":-0.7816275358200073},"size":22.0,"orthographic":false}