{"cameraMode":{"drawMode":0,"name":"Shaded","section":"Shading Mode"},"sceneLighting":false,"audioPlay":false,"sceneViewState":{"showFog":true,"showMaterialUpdate":true,"showSkybox":false,"showFlares":true,"showImageEffects":true,"showParticleSystems":true},"in2DMode":false,"pivot":{"x":-0.4634666442871094,"y":4.128399848937988,"z":0.03569602966308594},"rotation":{"x":0.06217639148235321,"y":-0.5581028461456299,"z":0.0419916994869709,"w":0.8263728618621826},"size":39.155311584472659,"orthographic":false}