{"cameraMode":{"drawMode":0,"name":"Shaded","section":"Shading Mode"},"sceneLighting":true,"audioPlay":false,"sceneViewState":{"showFog":true,"showMaterialUpdate":true,"showSkybox":true,"showFlares":true,"showImageEffects":true,"showParticleSystems":true},"in2DMode":false,"pivot":{"x":11.097549438476563,"y":-0.7716922760009766,"z":23.923551559448243},"rotation":{"x":0.08037000149488449,"y":-0.11516902595758438,"z":0.009349496103823185,"w":0.9900451302528381},"size":33.98584747314453,"orthographic":false}